2005,2006,2007,2008,2009,2010,2011,2012,2013,2014,2015,2016,2017
1,1,3,4,5,3,4,5,7,2,3,4,5
1,1,1,1,1,1,1,3,4,5,2,2,3
1,1,1,1,1,1,1,1,1,1,1,1,1
1,1,3,4,5,7,2,2,2,2,2,2,2
1,1,1,3,4,6,4,5,7,10,3,2,2
NA,NA,NA,1,3,4,2,2,2,2,2,2,2
1,1,1,1,1,3,4,5,2,3,2,2,2
4,2,3,4,3,4,5,8,4,6,7,2,2
1,1,3,4,3,4,5,2,3,4,5,2,2
1,1,1,3,4,5,3,2,2,3,4,5,8
1,1,1,1,1,1,3,2,2,2,2,2,2
1,1,1,3,4,5,3,2,2,3,4,2,2
1,1,1,1,1,1,1,1,1,1,1,1,1
1,1,3,2,2,2,2,2,2,2,2,3,4
1,1,1,3,2,2,2,2,2,3,4,2,2
4,2,2,2,2,2,2,2,2,2,2,2,2
1,1,1,3,4,5,7,2,2,2,2,2,2
1,1,1,1,1,1,1,1,1,1,1,1,1
1,1,1,1,1,1,1,1,1,1,1,1,1
4,5,7,2,3,4,2,2,2,2,2,2,2
1,1,1,1,1,1,1,1,1,1,1,1,1
1,1,1,1,1,1,1,1,1,1,1,1,1
1,1,1,1,1,1,1,1,1,1,1,1,1
1,1,1,1,1,1,1,1,3,4,2,3,2
1,1,1,1,3,4,2,2,2,2,2,2,2
1,1,1,1,1,1,1,1,1,1,1,1,1
1,1,1,1,1,1,1,1,1,1,1,1,1
1,1,1,3,2,2,3,4,2,2,3,2,2
1,1,1,1,1,1,1,1,1,3,4,5,7
1,1,1,1,1,1,1,1,1,1,1,1,1
1,1,1,1,1,3,4,6,9,13,8,12,10
1,1,1,1,1,1,1,1,1,1,1,1,1
NA,1,1,1,1,1,1,1,1,1,1,1,1
NA,NA,NA,NA,NA,5,3,2,2,2,3,4,5
1,1,3,4,3,4,5,7,11,4,6,2,3
1,1,1,3,2,2,2,3,4,5,7,3,2
NA,NA,NA,NA,4,5,2,2,2,2,2,2,2
1,1,1,1,1,1,1,1,1,1,1,1,1
NA,NA,3,4,3,4,2,2,3,4,5,2,2
3,4,2,2,3,4,2,2,2,3,4,5,7
NA,NA,NA,NA,NA,1,1,1,1,1,3,4,2
1,1,1,1,1,1,1,1,1,1,1,1,1
NA,NA,NA,1,1,1,1,1,1,1,1,3,4
1,1,1,1,1,1,3,4,2,2,2,2,2
1,1,1,1,1,1,1,1,1,1,1,1,1
1,1,1,1,1,1,1,1,1,1,1,1,1
1,1,1,1,1,1,1,3,4,5,7,10,10
1,1,1,1,1,1,1,1,3,4,5,7,3
1,1,1,1,1,1,1,1,1,1,1,1,1
NA,1,1,1,1,1,1,1,1,1,1,1,1
1,1,1,1,1,1,1,1,1,1,1,1,1
1,1,1,1,1,1,3,4,2,2,2,2,2
1,1,1,1,1,1,1,1,1,1,1,1,1
1,1,1,1,1,1,1,1,3,4,5,2,2
1,1,1,1,3,4,3,4,5,7,10,2,2
1,1,1,1,1,1,1,1,1,1,1,1,1
1,1,1,1,1,1,1,1,1,1,1,1,1
1,1,1,1,3,4,5,2,2,2,2,2,2
1,1,1,1,1,1,1,1,1,1,1,1,1
1,1,1,1,1,1,1,1,1,1,1,1,1
1,1,1,1,1,1,1,1,1,1,1,1,1
1,1,1,1,1,1,1,1,1,1,1,1,1
1,1,1,1,1,1,1,1,1,1,1,1,1
1,1,1,1,1,1,1,1,1,1,1,1,1
1,1,1,1,1,1,1,1,1,1,1,1,1
1,1,1,1,1,1,1,1,1,1,1,1,1
1,1,1,1,1,3,4,2,2,2,2,2,2
1,1,1,3,4,5,2,2,2,2,3,4,2
1,1,1,1,1,1,1,1,1,1,1,1,1
1,1,1,1,1,1,1,1,1,1,1,1,1
1,1,1,1,3,4,2,2,2,2,2,2,2
NA,1,1,1,1,1,1,1,1,1,1,1,1
1,1,1,1,1,1,1,1,1,1,1,1,1
NA,1,3,4,5,8,12,5,7,11,2,2,2
1,1,1,1,1,1,1,1,1,1,1,1,1
3,4,2,2,2,2,2,2,2,2,2,2,2
1,1,1,1,1,1,1,1,1,1,1,1,1
1,1,1,1,1,1,1,1,1,1,1,1,1
1,1,1,1,1,1,1,1,1,1,1,1,1
NA,1,3,4,5,7,2,2,3,4,5,3,4
1,1,1,1,3,4,5,7,2,3,2,2,2
NA,1,1,1,1,1,1,1,1,1,1,1,1
5,3,4,5,7,10,2,2,2,2,2,2,2
1,1,1,1,1,1,1,1,1,1,1,1,1
1,3,4,5,8,2,2,2,2,2,2,2,2
1,1,1,1,1,1,1,1,1,1,1,1,1
1,1,1,1,1,1,1,1,3,4,5,2,2
1,1,1,1,1,1,1,1,1,1,1,1,1
1,1,1,1,1,1,1,1,1,1,1,1,1
1,3,2,2,2,2,3,4,2,3,4,2,2
3,4,2,2,2,3,4,2,2,2,2,2,2
1,1,1,1,1,1,1,1,1,1,1,1,1
1,1,1,3,4,5,2,2,2,3,2,2,3
1,1,1,1,1,3,2,2,2,2,2,2,2
1,3,2,2,2,2,2,2,2,2,2,2,2
1,1,1,1,1,1,1,1,1,1,1,1,1
1,1,1,1,1,1,1,1,1,1,1,1,1
1,1,1,1,1,1,1,1,1,1,1,1,1
4,5,7,10,2,2,2,2,2,2,2,2,2
1,1,3,4,5,7,2,2,3,4,5,7,10
1,1,1,1,1,1,1,1,1,1,1,1,1
1,1,1,1,3,4,2,2,2,2,3,4,5
1,3,4,5,2,2,2,2,2,2,2,2,2
4,6,4,5,2,3,4,2,2,2,2,3,4
1,1,1,1,1,1,1,1,1,1,1,1,1
1,1,1,1,1,1,1,1,1,1,1,1,1
1,1,1,1,1,3,4,2,2,2,2,2,2
1,1,1,1,1,1,1,3,2,2,2,3,4
3,4,3,4,5,2,2,2,2,2,2,2,3
1,3,2,2,2,2,2,2,2,2,2,2,2
1,1,1,1,1,1,1,1,1,1,3,2,2
3,2,2,3,4,5,7,2,2,3,4,2,2
1,1,1,1,1,1,1,1,1,1,1,1,1
1,1,1,1,1,1,1,1,1,1,1,1,1
1,1,1,1,1,1,1,1,1,1,1,1,1
1,1,1,1,3,4,2,2,2,3,2,2,2
1,1,1,1,1,1,1,1,1,1,3,4,2
4,5,2,2,2,2,2,2,2,2,2,2,2
3,2,2,2,2,2,2,2,2,2,2,2,2
1,1,1,1,1,1,1,1,1,1,1,1,1
1,1,1,1,1,1,1,1,1,1,1,1,1
1,1,1,1,1,1,1,1,1,1,1,1,1
1,1,1,1,1,1,1,1,1,1,1,1,1
1,1,1,3,4,5,7,2,2,3,2,2,2
1,1,1,1,1,1,1,1,1,1,1,1,1
4,5,2,2,2,2,2,2,2,2,2,2,2
NA,3,2,2,2,2,2,2,2,2,2,2,2
NA,1,1,1,1,1,1,1,1,1,1,1,1
NA,1,1,1,1,1,1,1,1,1,1,1,1
NA,1,1,1,1,1,1,1,1,1,1,1,1
NA,1,1,1,1,1,1,1,1,1,3,4,2
1,3,2,3,4,5,8,4,2,2,2,2,2
NA,NA,NA,NA,NA,1,1,1,1,1,1,1,1
1,1,1,1,1,1,1,1,1,1,1,1,1
NA,NA,1,1,1,1,1,1,1,1,1,1,1
NA,NA,NA,1,1,1,1,1,1,1,1,1,3
4,2,3,4,2,3,4,2,2,2,2,2,2
NA,1,3,4,2,3,2,2,2,3,4,2,2
NA,1,1,1,1,1,1,1,1,3,2,2,3
NA,NA,NA,NA,NA,1,1,1,1,1,1,1,1
NA,1,1,1,1,1,1,1,1,1,1,1,1
1,1,3,4,5,8,4,2,2,2,2,2,2
NA,1,1,1,1,3,4,5,2,2,2,3,2
5,7,2,2,2,2,2,2,2,2,2,2,2
NA,1,1,1,1,1,1,1,1,1,1,1,1
NA,1,1,1,1,1,1,1,1,1,1,1,1
NA,1,1,1,1,1,1,1,1,1,1,1,1
NA,1,1,1,1,1,1,1,3,4,5,2,2
NA,1,1,1,1,3,4,5,7,2,2,2,2
3,4,2,2,2,2,2,3,4,5,2,3,2
NA,1,1,1,1,1,1,1,1,1,3,2,2
NA,1,1,1,1,1,1,1,1,1,1,1,1
3,4,5,7,10,2,2,2,3,4,6,9,13
NA,1,1,1,1,1,1,1,1,1,1,1,1
NA,3,2,3,4,2,2,2,3,2,3,4,5
NA,1,1,1,1,1,3,2,2,2,2,3,2
NA,1,1,1,1,1,1,1,1,1,1,1,1
NA,3,2,2,2,2,2,2,2,2,2,2,2
NA,1,1,1,1,1,1,1,1,1,1,1,1
NA,1,1,1,1,1,1,1,1,1,1,1,1
NA,1,1,1,1,1,1,1,1,1,1,1,1
NA,3,2,2,2,2,2,2,2,2,2,3,2
1,3,2,2,2,2,2,2,2,2,2,2,2
NA,1,1,1,1,1,1,1,1,1,1,1,1
NA,4,2,3,4,5,2,2,2,2,2,2,2
NA,3,4,5,2,2,2,2,2,2,2,2,2
NA,1,1,1,1,1,1,1,1,1,1,1,1
1,1,1,1,1,1,1,1,1,1,1,1,1
NA,1,1,1,1,1,1,1,1,1,1,1,1
NA,NA,1,1,1,1,1,1,1,1,1,1,1
NA,NA,1,3,4,5,7,2,3,2,3,4,5
NA,NA,1,1,1,1,1,1,1,1,1,1,3
NA,NA,1,1,1,1,1,1,1,1,1,1,1
NA,1,1,1,1,1,1,1,1,1,1,1,1
NA,NA,4,2,2,2,2,2,2,2,3,4,2
NA,NA,1,1,1,1,1,1,3,4,5,7,2
NA,NA,1,1,1,1,1,1,1,1,1,1,1
1,1,1,1,1,1,1,1,1,1,1,1,1
NA,NA,1,1,1,1,1,1,1,1,1,1,1
NA,NA,1,1,1,1,1,1,1,1,1,1,1
NA,NA,3,2,2,3,4,2,2,2,2,2,3
NA,NA,4,2,2,3,4,2,2,3,4,2,2
NA,NA,1,1,1,3,2,2,2,2,2,2,2
NA,NA,1,1,1,1,1,1,1,1,1,1,1
NA,NA,1,1,1,1,1,1,1,1,3,4,2
NA,NA,5,2,2,3,2,2,2,2,2,2,2
NA,NA,1,1,1,1,1,3,4,5,2,2,2
NA,NA,1,1,1,1,1,1,1,1,1,1,1
1,1,1,1,1,1,1,1,1,1,1,1,1
1,1,1,1,1,1,1,1,1,1,1,1,1
NA,NA,1,1,1,1,1,1,1,1,1,1,1
NA,NA,1,1,1,1,1,1,1,3,2,2,2
NA,NA,1,1,1,1,1,1,1,1,1,1,1
NA,1,1,1,1,1,1,3,4,2,2,2,2
NA,NA,1,3,4,5,7,2,3,4,5,7,10
NA,NA,1,1,1,1,1,1,1,1,1,1,1
1,1,1,1,1,1,1,1,1,1,1,1,1
NA,NA,NA,1,1,1,1,1,1,1,1,1,1
1,1,1,1,1,1,1,1,1,1,1,1,1
NA,NA,NA,1,3,4,6,4,5,7,2,3,2
1,1,1,1,1,1,1,1,1,1,1,1,1
NA,NA,NA,1,1,1,1,1,1,1,1,1,1
NA,NA,NA,1,1,3,4,2,2,2,3,4,2
1,3,2,2,2,2,3,4,5,3,4,5,7
NA,NA,NA,1,1,1,1,1,1,1,1,1,1
NA,NA,NA,1,1,1,1,1,1,1,1,1,1
NA,NA,NA,1,1,1,1,1,1,1,1,1,1
NA,NA,NA,1,1,1,3,4,2,3,2,2,2
NA,1,1,1,1,1,1,1,1,1,1,1,1
1,1,1,1,1,1,1,1,1,1,1,1,1
NA,NA,NA,1,1,1,1,1,1,1,1,1,1
NA,1,1,1,1,1,1,1,1,1,1,1,1
NA,NA,NA,1,1,1,1,1,1,1,1,1,1
NA,NA,NA,1,1,1,1,1,1,1,1,1,1
NA,NA,1,1,1,1,1,1,1,1,1,1,1
NA,NA,NA,1,1,1,1,1,1,1,1,3,4
NA,NA,NA,1,1,1,1,1,1,1,1,1,1
NA,NA,NA,4,2,2,2,2,2,2,2,2,2
1,3,2,3,2,2,3,2,2,2,2,3,2
NA,NA,1,1,1,1,1,1,1,1,1,1,1
NA,NA,NA,1,1,1,1,1,1,1,1,1,1
NA,1,1,1,1,1,1,1,1,1,1,1,1
NA,NA,NA,3,2,2,2,2,2,2,2,2,2
NA,NA,NA,1,1,1,1,1,1,1,1,1,1
NA,NA,NA,1,1,1,1,1,1,3,4,5,7
NA,NA,NA,1,1,1,1,1,1,1,1,1,1
NA,NA,NA,1,1,1,1,1,1,1,1,1,1
NA,NA,NA,1,1,1,1,1,1,1,1,1,1
NA,NA,NA,1,1,1,1,1,1,3,4,5,7
NA,1,1,1,1,1,1,1,1,1,1,1,1
NA,NA,NA,1,1,1,1,1,1,1,1,1,1
NA,NA,NA,NA,4,5,2,2,2,2,2,3,4
NA,NA,NA,NA,NA,NA,1,3,4,5,2,2,2
NA,NA,1,1,1,1,1,1,1,1,1,1,1
1,1,1,3,4,5,2,2,2,3,2,2,2
NA,1,1,1,1,1,1,1,1,1,1,1,1
NA,1,1,1,1,1,1,1,1,1,1,1,1
NA,NA,NA,NA,NA,NA,1,1,1,1,3,4,5
NA,NA,NA,NA,NA,1,1,1,1,1,1,1,1
NA,NA,NA,NA,NA,NA,NA,NA,NA,NA,NA,1,1
NA,NA,NA,NA,NA,1,1,1,1,1,3,4,5
NA,NA,NA,NA,NA,1,1,1,1,1,1,1,1
NA,NA,NA,NA,NA,NA,1,1,1,1,1,1,1
NA,NA,NA,NA,4,6,4,2,2,2,2,2,2
NA,NA,NA,NA,NA,NA,1,1,1,1,1,1,1
NA,NA,1,1,1,1,1,1,1,1,1,1,1
NA,NA,NA,NA,1,3,2,2,2,2,2,2,2
NA,NA,NA,NA,1,1,1,1,1,1,1,1,1
NA,NA,NA,NA,1,1,1,1,1,1,1,1,1
NA,NA,NA,NA,1,1,3,2,2,2,2,2,2
1,1,1,1,3,4,5,3,4,5,2,2,2
NA,NA,NA,NA,1,1,1,1,1,1,1,1,1
NA,NA,NA,NA,1,1,1,1,1,3,4,2,2
NA,NA,NA,NA,NA,1,1,1,1,1,1,1,1
NA,NA,NA,NA,NA,1,1,1,1,1,1,1,1
NA,NA,NA,NA,4,5,2,2,2,2,2,2,2
NA,NA,NA,NA,NA,1,1,1,1,1,1,1,1
NA,NA,NA,NA,NA,1,1,1,1,1,1,1,1
NA,NA,NA,NA,NA,1,1,1,1,1,1,1,1
NA,NA,NA,NA,NA,1,1,1,1,1,1,1,1
NA,NA,NA,NA,NA,1,1,1,1,1,1,1,1
NA,NA,NA,NA,NA,1,1,1,1,1,1,1,1
NA,NA,NA,NA,NA,1,1,1,1,1,1,1,1
NA,NA,NA,NA,NA,1,1,1,1,1,1,1,1
NA,NA,NA,NA,NA,1,1,1,1,1,1,1,1
NA,NA,NA,NA,NA,1,1,1,1,1,1,1,1
NA,NA,NA,NA,1,1,1,1,1,1,1,1,1
NA,NA,NA,NA,NA,1,1,1,1,1,1,3,2
NA,NA,NA,NA,NA,1,1,1,1,1,1,3,4
NA,NA,NA,NA,NA,1,1,1,1,1,1,1,1
NA,NA,NA,NA,NA,1,1,1,1,1,1,1,1
NA,NA,NA,NA,NA,1,1,1,1,1,1,1,1
NA,NA,NA,NA,NA,1,1,1,1,1,1,1,1
NA,NA,NA,NA,NA,1,1,1,1,1,1,1,1
NA,NA,NA,NA,NA,1,1,1,1,1,1,1,1
NA,NA,NA,NA,1,1,1,1,1,1,1,1,1
NA,NA,NA,NA,1,1,1,1,1,3,4,2,2
NA,NA,NA,NA,NA,1,1,1,1,1,1,1,1
NA,NA,NA,NA,NA,1,1,1,1,1,1,1,1
NA,NA,NA,NA,NA,1,1,1,1,1,1,1,1
NA,NA,NA,NA,NA,1,1,1,1,1,1,1,1
NA,NA,NA,NA,NA,1,1,1,1,1,1,1,1
NA,NA,NA,NA,NA,1,1,1,1,1,1,3,2
NA,NA,NA,NA,NA,3,4,5,2,2,3,4,6
NA,NA,NA,NA,NA,1,1,1,1,1,1,1,1
NA,NA,NA,NA,NA,1,1,3,2,2,2,3,4
NA,NA,NA,NA,NA,1,1,1,1,1,1,1,1
NA,NA,NA,NA,NA,1,1,1,1,1,1,1,1
NA,NA,NA,NA,NA,1,1,1,1,1,1,1,1
NA,NA,NA,NA,NA,1,1,1,3,2,2,3,2
NA,NA,NA,NA,NA,1,1,1,1,1,1,1,1
NA,NA,NA,NA,NA,1,1,1,1,1,1,1,1
NA,NA,NA,NA,NA,1,1,3,4,3,4,6,2
NA,NA,NA,NA,NA,3,2,2,2,2,2,2,2
NA,NA,NA,NA,NA,1,1,1,1,1,1,1,1
NA,NA,NA,NA,NA,1,1,1,1,1,1,1,1
NA,NA,NA,NA,NA,1,1,1,1,1,1,1,1
NA,NA,NA,NA,NA,1,1,1,1,1,1,1,1
NA,NA,NA,NA,1,1,1,1,3,4,6,2,2
NA,NA,NA,NA,NA,1,1,1,1,1,1,1,1
NA,NA,NA,NA,NA,1,1,1,1,1,1,1,1
NA,NA,NA,NA,NA,1,1,1,1,1,1,1,1
NA,NA,NA,1,1,1,1,1,1,1,1,3,4
NA,NA,NA,NA,NA,1,1,1,1,1,1,1,1
NA,NA,NA,NA,NA,1,1,1,1,1,1,1,1
NA,NA,NA,NA,NA,NA,1,1,1,1,1,1,1
NA,NA,NA,NA,NA,NA,1,1,1,1,1,1,1
NA,NA,NA,NA,NA,NA,1,1,1,1,1,1,1
NA,NA,NA,NA,NA,NA,1,1,1,1,1,1,1
NA,NA,NA,NA,NA,NA,1,1,1,3,2,2,2
NA,NA,NA,NA,NA,NA,3,4,2,2,2,2,2
NA,NA,NA,NA,NA,NA,1,1,1,1,1,3,2
NA,NA,NA,NA,NA,NA,1,1,1,1,1,1,1
NA,NA,NA,NA,NA,NA,1,1,1,1,1,1,1
NA,NA,NA,NA,NA,NA,1,1,1,1,1,1,1
NA,NA,NA,NA,NA,NA,1,1,1,1,1,1,1
NA,NA,NA,NA,NA,NA,1,1,1,1,1,1,1
NA,NA,NA,NA,NA,NA,1,1,1,1,1,1,1
NA,NA,NA,NA,NA,NA,1,1,1,1,1,1,1
NA,NA,NA,NA,NA,NA,1,1,1,1,1,3,4
NA,NA,NA,NA,NA,NA,1,1,1,1,1,1,1
NA,NA,NA,NA,NA,NA,1,1,1,1,1,1,1
NA,NA,NA,NA,NA,NA,1,1,1,3,4,5,7
NA,NA,NA,NA,NA,NA,1,1,1,1,1,1,1
NA,NA,NA,NA,NA,NA,3,4,5,7,10,2,3
NA,NA,NA,NA,NA,NA,1,1,1,1,1,1,1
NA,NA,NA,NA,NA,NA,1,1,1,1,1,1,1
NA,NA,NA,NA,NA,NA,1,3,2,2,2,2,2
NA,NA,NA,NA,NA,NA,1,1,1,1,1,1,1
NA,NA,NA,NA,NA,1,1,1,1,1,1,1,1
NA,NA,NA,NA,NA,NA,1,1,1,1,1,1,1
NA,NA,NA,NA,NA,NA,1,1,1,1,1,1,1
NA,NA,NA,NA,NA,1,1,1,1,1,1,1,1
NA,NA,NA,NA,NA,NA,1,1,1,1,1,1,1
NA,NA,NA,NA,NA,NA,1,1,1,1,1,1,1
NA,NA,NA,NA,NA,NA,1,1,1,1,1,1,1
NA,NA,NA,NA,NA,NA,4,5,7,10,2,2,2
NA,NA,NA,NA,NA,NA,1,1,1,1,1,1,1
NA,NA,NA,NA,NA,NA,1,1,1,1,1,1,1
NA,NA,NA,NA,NA,NA,3,2,2,3,4,5,2
NA,NA,NA,NA,NA,NA,1,1,1,1,1,1,1
NA,NA,NA,NA,NA,1,1,1,3,4,3,4,2
NA,NA,1,1,1,1,1,1,1,1,1,1,1
NA,NA,NA,NA,NA,NA,1,1,1,1,1,1,1
NA,NA,NA,NA,NA,NA,1,1,1,1,1,1,1
NA,NA,NA,NA,NA,NA,1,1,1,1,1,1,1
NA,NA,NA,NA,NA,NA,1,1,1,1,1,1,1
NA,NA,NA,NA,NA,NA,1,1,1,1,1,1,1
NA,NA,NA,NA,NA,NA,3,4,2,3,2,2,2
NA,NA,NA,NA,NA,NA,1,1,1,1,1,1,1
NA,NA,NA,NA,NA,NA,1,1,1,1,1,1,1
NA,NA,NA,NA,NA,NA,1,1,1,1,1,1,1
NA,NA,NA,NA,NA,NA,1,1,1,1,1,1,1
NA,NA,NA,NA,NA,3,2,2,2,3,4,5,3
NA,NA,NA,NA,NA,1,1,1,1,1,1,1,1
NA,NA,NA,NA,NA,NA,NA,1,1,1,1,1,1
NA,NA,NA,1,1,1,1,1,1,1,1,1,1
NA,NA,NA,NA,NA,NA,NA,NA,NA,1,1,1,1
NA,NA,NA,NA,NA,NA,NA,NA,NA,NA,1,1,1
NA,NA,NA,NA,NA,NA,1,1,1,1,1,1,1
NA,NA,NA,NA,NA,NA,NA,NA,NA,NA,NA,1,1
NA,NA,NA,NA,NA,NA,NA,NA,NA,NA,1,1,1
NA,NA,NA,NA,NA,NA,NA,NA,NA,NA,NA,1,1
NA,NA,NA,NA,NA,NA,NA,NA,NA,NA,NA,1,1
NA,NA,NA,NA,NA,NA,NA,NA,NA,NA,NA,1,1
NA,NA,NA,NA,NA,NA,NA,NA,NA,NA,NA,1,1
NA,NA,NA,NA,NA,NA,NA,NA,NA,NA,1,1,1
NA,NA,NA,NA,NA,NA,NA,NA,NA,NA,NA,NA,3
NA,NA,NA,NA,NA,NA,NA,1,1,1,1,1,1
NA,NA,NA,NA,NA,NA,NA,1,1,1,1,1,1
NA,NA,NA,NA,NA,NA,NA,1,1,1,1,1,1
NA,NA,NA,NA,NA,NA,NA,1,1,1,1,1,3
NA,NA,NA,NA,NA,NA,1,1,1,1,1,1,1
NA,NA,NA,NA,NA,NA,NA,1,1,1,1,1,3
NA,1,1,1,1,1,1,1,1,3,2,2,2
NA,NA,NA,NA,NA,NA,NA,NA,1,1,1,1,1
NA,NA,NA,NA,NA,NA,NA,NA,1,1,1,1,3
NA,NA,NA,1,1,1,1,1,1,1,1,1,3
NA,NA,NA,NA,NA,NA,NA,NA,1,1,1,1,1
NA,NA,NA,NA,NA,NA,NA,NA,1,1,1,1,1
NA,NA,NA,NA,NA,1,1,1,1,1,1,1,1
NA,NA,NA,NA,NA,NA,NA,NA,1,1,1,1,1
NA,NA,NA,NA,NA,NA,NA,NA,1,1,1,1,1
NA,NA,NA,NA,NA,NA,NA,NA,1,1,1,1,1
NA,NA,NA,NA,NA,NA,NA,NA,1,1,1,1,1
NA,NA,NA,NA,NA,NA,NA,1,1,1,1,1,1
NA,NA,NA,NA,NA,NA,NA,NA,1,1,1,1,3
NA,NA,NA,NA,NA,NA,NA,NA,NA,1,1,1,1
NA,NA,NA,NA,NA,NA,NA,NA,NA,4,2,2,3
NA,NA,NA,NA,NA,NA,NA,NA,NA,1,1,1,1
NA,NA,NA,NA,NA,NA,NA,NA,NA,1,1,1,1
NA,NA,NA,NA,NA,NA,NA,NA,NA,1,1,1,1
NA,NA,NA,NA,NA,NA,NA,NA,NA,1,1,1,1
NA,NA,NA,NA,NA,NA,NA,NA,NA,4,5,2,3
NA,NA,NA,NA,NA,NA,NA,NA,NA,1,1,1,1
NA,NA,NA,NA,NA,NA,NA,NA,NA,1,1,1,1
NA,NA,NA,NA,NA,NA,NA,NA,NA,1,1,1,1
NA,NA,NA,NA,NA,NA,NA,NA,NA,1,1,3,4
NA,NA,NA,NA,NA,NA,NA,NA,NA,3,4,5,3
NA,NA,NA,NA,NA,NA,NA,NA,NA,7,10,2,2
NA,NA,NA,NA,NA,NA,NA,NA,NA,1,1,1,1
NA,NA,NA,NA,NA,NA,NA,NA,NA,3,4,2,2
NA,NA,NA,NA,NA,NA,1,1,1,1,1,1,1
NA,NA,NA,NA,NA,NA,NA,NA,NA,1,1,1,1
NA,NA,NA,NA,NA,NA,NA,NA,NA,1,1,1,1
NA,NA,NA,NA,NA,NA,NA,NA,NA,3,4,5,2
NA,NA,NA,NA,NA,NA,NA,NA,NA,1,1,1,1
NA,NA,NA,NA,NA,NA,NA,NA,NA,1,1,1,1
NA,NA,NA,NA,NA,NA,NA,NA,NA,NA,NA,1,1
NA,NA,NA,NA,NA,NA,NA,NA,NA,NA,NA,1,1
NA,NA,NA,NA,NA,NA,NA,NA,NA,NA,NA,3,4
NA,NA,NA,NA,NA,NA,NA,NA,NA,NA,NA,1,1
NA,NA,NA,NA,NA,NA,NA,NA,NA,1,1,1,1
NA,NA,NA,NA,NA,NA,NA,NA,NA,NA,1,1,1
NA,NA,NA,NA,NA,NA,NA,NA,NA,NA,NA,1,1
NA,NA,NA,NA,NA,NA,NA,NA,NA,NA,NA,1,1
NA,NA,NA,NA,NA,NA,NA,NA,NA,NA,1,1,1
NA,NA,NA,NA,NA,NA,NA,NA,NA,NA,NA,1,1
NA,NA,NA,NA,NA,NA,NA,NA,7,3,4,3,4
NA,NA,NA,NA,NA,1,1,1,1,1,1,1,1
NA,NA,NA,NA,NA,NA,NA,NA,NA,NA,NA,1,1
NA,NA,NA,NA,NA,NA,NA,NA,NA,NA,NA,1,1
NA,NA,NA,NA,NA,NA,NA,NA,NA,NA,NA,1,1
NA,NA,NA,NA,NA,NA,NA,NA,NA,NA,1,1,1
NA,NA,NA,NA,NA,NA,NA,NA,1,1,1,1,1
NA,NA,NA,NA,NA,NA,NA,NA,NA,3,4,5,7
NA,NA,NA,NA,NA,NA,NA,NA,NA,1,1,1,3
NA,NA,NA,NA,NA,NA,NA,1,1,1,1,1,1
NA,NA,NA,NA,NA,NA,NA,NA,NA,1,1,1,1
NA,NA,NA,NA,NA,NA,NA,NA,NA,1,1,1,1
NA,NA,NA,NA,NA,NA,NA,NA,NA,1,1,1,1
NA,NA,NA,NA,NA,NA,NA,NA,NA,1,1,1,1
NA,NA,NA,NA,NA,NA,NA,NA,NA,1,1,1,1
NA,NA,NA,NA,NA,NA,NA,NA,NA,NA,1,3,4
NA,NA,NA,NA,NA,NA,NA,NA,NA,NA,1,1,1
NA,NA,NA,NA,NA,NA,NA,NA,NA,NA,1,1,1
NA,NA,NA,NA,NA,NA,NA,NA,NA,NA,1,1,1
NA,NA,NA,NA,NA,NA,NA,NA,NA,NA,1,1,1
NA,NA,NA,NA,NA,NA,NA,NA,NA,NA,1,1,1
NA,NA,NA,NA,1,1,1,1,1,1,1,1,1
NA,NA,NA,NA,NA,NA,NA,NA,NA,NA,1,1,1
NA,NA,NA,NA,NA,NA,NA,NA,NA,NA,NA,NA,1
NA,NA,NA,NA,NA,NA,NA,NA,NA,NA,NA,NA,1
NA,NA,NA,NA,NA,NA,NA,NA,NA,NA,NA,NA,1
NA,NA,NA,NA,NA,NA,NA,NA,NA,NA,NA,NA,6
NA,NA,NA,NA,NA,NA,NA,NA,NA,NA,NA,NA,1
NA,NA,NA,NA,NA,NA,NA,NA,NA,NA,NA,NA,1
NA,NA,NA,NA,NA,NA,NA,NA,NA,NA,NA,NA,1
NA,NA,NA,NA,NA,NA,NA,NA,NA,NA,NA,NA,1
NA,NA,NA,NA,NA,NA,NA,NA,NA,NA,NA,NA,1
NA,NA,NA,NA,NA,NA,NA,NA,NA,NA,NA,NA,1
NA,NA,NA,NA,NA,NA,NA,NA,NA,NA,NA,NA,1
NA,NA,NA,NA,NA,NA,NA,NA,NA,NA,NA,NA,1
NA,NA,NA,NA,NA,NA,NA,NA,NA,NA,NA,NA,3
NA,NA,NA,NA,NA,NA,NA,NA,NA,NA,1,1,1
NA,NA,NA,NA,NA,NA,NA,NA,NA,NA,NA,NA,1
NA,NA,NA,NA,NA,NA,NA,NA,NA,NA,NA,NA,1
NA,NA,NA,NA,NA,NA,NA,NA,NA,NA,NA,NA,1
NA,NA,NA,NA,NA,NA,NA,NA,NA,NA,NA,NA,1
NA,NA,NA,NA,NA,NA,NA,NA,NA,NA,NA,NA,1
NA,NA,NA,NA,NA,NA,NA,NA,NA,NA,NA,NA,1
NA,NA,NA,NA,NA,NA,NA,NA,NA,NA,NA,NA,1
NA,NA,NA,NA,NA,NA,NA,NA,NA,NA,NA,NA,1
NA,NA,NA,NA,NA,NA,NA,NA,NA,NA,NA,NA,1
NA,NA,NA,NA,NA,NA,NA,NA,NA,NA,NA,NA,1
NA,NA,NA,NA,NA,NA,NA,NA,NA,NA,NA,NA,1
NA,NA,NA,NA,NA,NA,NA,NA,NA,1,1,1,1
NA,NA,NA,NA,NA,NA,1,1,1,1,1,1,1
NA,NA,NA,NA,NA,NA,NA,NA,NA,NA,NA,NA,1
NA,NA,NA,NA,NA,NA,NA,NA,NA,NA,NA,NA,1
NA,NA,NA,NA,NA,NA,NA,1,1,1,1,1,1
